sampleIndex,nativeTimeMin,nativeTimeSec,elapsedSinceChallengeBaselineSec,hrPerMin,sourceSaNodeHrPerMin,mapMmHg,cardiacOutputMlPerMin,arterialO2ContentMlPerMl,pao2MmHg,paco2MmHg,pH,hematocritFraction,totalHgbGPerMl,oxygenCapacityMlPerMl,chemoreceptorFiringRate,chemoreceptorBasicFiringRate,chemoreceptorPo2Effect,chemoreceptorPhEffect,sympsCnsReflexNa,sympsCnsNa,sympsCnsHz,gangliaHz,vagusHz,betaPoolEffect,saBetaActivity,parasympatheticEffectPerMin,sympatheticEffectPerMin,brainBloodFlowMlPerMin,brainPo2MmHg,brainFunctionEffect,oxygenDeliveryMlPerMin
0,0.0,0.0,-9.999996,72.1519231143317,72.1519231143317,96.1290322580645,5504.05387990819,0.196,94.009870530838,40.3937738764693,7.42310423895973,0.44,0.15,0.200216828201916,1.05774982331257,1.05774982331257,0.499950649593238,0.457235407036933,1.00540640262627,1.00540640262627,1.50810960393941,1.50810960393941,1.98382459639902,0.99972591818532,1.00206345720448,-19.868777961997,10.0207010763288,817.030903292828,40.3699717617139,1.0,1078.7945604620052
1,0.0166666,0.999996,-9.0,71.6773690556846,71.6773690556846,97.4651439419151,5394.92478337509,0.195994928321126,94.0078810430034,40.4376755009516,7.42263174376765,0.440000294544571,0.150000100412922,0.200216962631692,1.05794563887119,1.05794538677886,0.499960596217743,0.459016348751902,0.989433073466925,0.989433073466925,1.48414961020039,1.48414961020039,2.03303007971439,0.999729887178215,0.994086763785837,-20.2631509861921,9.94052004187674,824.017265682002,41.1558821066757,1.0,1057.377896215467
2,0.0333332,1.999992,-8.000003999999999,71.7111142511513,71.7111142511513,97.3293384701793,5413.35642461555,0.196017403963384,94.1531796286828,40.5512935349942,7.42141248856349,0.440001033990669,0.150000352496819,0.200217299339721,1.06196767808692,1.06196716923517,0.499234643008637,0.463655199309869,0.990531190146768,0.990531190146768,1.48579678522015,1.48579678522015,2.02947468925847,0.999725431527531,0.994633045242076,-20.2349297051443,9.94604395629559,819.910443287763,41.4549427403827,1.0,1061.1120730816463
3,0.0499998,2.9999879999999997,-7.000008,71.687789284696,71.687789284696,97.3923087948159,5405.44503453617,0.196027243245653,94.2759705771023,40.7362406352112,7.41943553367576,0.440001761314756,0.150000600448212,0.200217630531771,1.06893202590934,1.06893123787804,0.498621903289491,0.471307893469202,0.989772530671395,0.989772530671395,1.48465879600709,1.48465879600709,2.03192799328869,0.999721941018223,0.994252349579473,-20.2544057550094,9.94219503970538,819.442251022922,41.4549427403827,1.0,1059.614488636029
4,0.0666664,3.999984,-6.000012,71.6858857759619,71.6858857759619,97.3943264140421,5404.29298588826,0.196011678317036,94.3101051132843,40.9666641627775,7.41698517310261,0.440002538584863,0.150000865426658,0.200217984451171,1.07846246911188,1.07846136426796,0.498451691808927,0.481014723955013,0.989711380346932,0.989711380346932,1.4845670705204,1.4845670705204,2.03212632531079,0.999717868083653,0.994219768525119,-20.2559797297678,9.94186550572968,816.33851964473,41.8883487953341,1.0,1059.3045382809437
5,0.083333,4.99998,-5.000016,71.6805570923099,71.6805570923099,97.410166494058,5401.89131422814,0.195999124428228,94.367766210841,41.2229253379665,7.41427627449393,0.440003333069911,0.150001136273833,0.200218346204029,1.08916883529253,1.0891673661792,0.498164287330982,0.492025682993699,0.989539101076292,0.989539101076292,1.48430865161444,1.48430865161444,2.03268555898285,0.999713810407335,0.994131686191275,-20.2604174194108,9.94097451172068,815.871064320482,41.8883487953341,1.0,1058.7659678451653
6,0.0999996,5.999975999999999,-4.00002,71.6792972821507,71.6792972821507,97.4142861812031,5400.74844789101,0.195989873785557,94.4448166640816,41.4935439623221,7.41143387892686,0.440004144049916,0.15000141274429,0.200218718346645,1.10064369823247,1.10064180833562,0.497780478110446,0.50388834613841,0.989498916625049,0.989498916625049,1.48424837493757,1.48424837493757,2.03281610129915,0.999709669459508,0.994109543583966,-20.2614532227608,9.94075050491152,815.549284704578,41.8883487953341,1.0,1058.4920066497018
7,0.1166662,6.999972,-3.000024,71.6794109214472,71.6794109214472,97.4146782579095,5400.01664509033,0.195982661750875,94.531429379145,41.7685650083627,7.40856419516167,0.440004965302836,0.150001692716876,0.200219095163842,1.11250306369398,1.11250069157101,0.497349363046814,0.516178318943275,0.989503275806478,0.989503275806478,1.48425491370972,1.48425491370972,2.03280193832932,0.999705564359358,0.994109668445015,-20.2613408466545,9.94075176810165,813.644488661683,42.2394108959586,1.0,1058.309635603833
8,0.1333328,7.999968,-2.000028,71.6764135508118,71.6764135508118,97.4253565653048,5397.99456610929,0.19597691401108,94.622008005918,42.0407163360171,7.40574300000123,0.440005794202264,0.150001975296226,0.200219475460504,1.12442481142005,1.12442189267625,0.496898877048902,0.52856001469263,0.989406746870739,0.989406746870739,1.48411012030611,1.48411012030611,2.0331156648412,0.999701534622102,0.994059437372985,-20.2638300165163,9.94024356732804,813.883395974624,42.2394108959586,1.0,1057.8823169146774
9,0.1499994,8.999964,-1.0000319999999996,71.6787242314442,71.6787242314442,97.4194177261535,5398.02518082242,0.195973126770303,94.7163013659257,42.3045140478315,7.4030257666653,0.440006629558749,0.150002260076846,0.200219858695386,1.13616302018179,1.13615948921316,0.496430317173193,0.540759051003988,0.989482330708617,0.989482330708617,1.48422349606293,1.48422349606293,2.0328699929714,0.999697484790798,0.994095166584353,-20.2618808226643,9.94060505410854,814.194764521303,42.2394108959586,1.0,1057.8678730706
10,0.166666,9.99996,-3.599999999936987e-05,71.679143348884,71.679143348884,97.4197644873658,5397.26517046911,0.195969828079356,94.8067135253432,42.5562903792908,7.40044809846058,0.440007468490917,0.150002546076449,0.200220243557352,1.14753029302457,1.14752608447621,0.495981427713904,0.552573508084606,0.989496564880165,0.989496564880165,1.48424484732025,1.48424484732025,2.03282374229747,0.999693573222138,0.994100320768711,-20.2615138501078,9.94065719899183,814.776856926256,42.2394108959586,1.0,1057.7011275555276
11,0.1666666,9.999996,0.0,71.6791447478653,71.6791447478653,97.4197641390444,5397.26377839865,0.195969827987732,94.8067168062623,42.556299272071,7.40044800768655,0.440007468521313,0.150002546086811,0.200220243571296,1.14753070140502,1.14752649283013,0.495981411431213,0.552573928216589,0.989496610275133,0.989496610275133,1.4842449154127,1.4842449154127,2.03282359480453,0.99969357308434,0.994100343374599,-20.2615126798292,9.94065742769445,814.776878273641,42.2394108959586,1.0,1057.7008542571998
12,0.1666666,9.999996,0.0,71.6791447478653,71.6791447478653,97.4197641390444,5397.26377839865,0.195969827987732,94.8067168062623,42.556299272071,7.40044800768655,0.440007468521313,0.150002546086811,0.200220243571296,1.14753070140502,1.14752649283013,0.495981411431213,0.552573928216589,0.989496610275133,0.989496610275133,1.4842449154127,1.4842449154127,2.03282359480453,0.99969357308434,0.994100343374599,-20.2615126798292,9.94065742769445,814.776878273641,42.2394108959586,1.0,1057.7008542571998
13,0.1666666,9.999996,0.0,71.6791447478653,71.6791447478653,97.4197641390444,5397.26377839865,0.195969827987732,94.8067168062623,42.556299272071,7.40044800768655,0.440007468521313,0.150002546086811,0.200220243571296,1.14753070140502,1.14752649283013,0.495981411431213,0.552573928216589,0.989496610275133,0.989496610275133,1.4842449154127,1.4842449154127,2.03282359480453,0.99969357308434,0.994100343374599,-20.2615126798292,9.94065742769445,814.776878273641,42.2394108959586,1.0,1057.7008542571998
14,0.1666666,9.999996,0.0,71.6791447478653,71.6791447478653,97.4197641390444,5397.26377839865,0.195969827987732,94.8067168062623,42.556299272071,7.40044800768655,0.440007468521313,0.150002546086811,0.200220243571296,1.14753070140502,1.14752649283013,0.495981411431213,0.552573928216589,0.989496610275133,0.989496610275133,1.4842449154127,1.4842449154127,2.03282359480453,0.99969357308434,0.994100343374599,-20.2615126798292,9.94065742769445,814.776878273641,42.2394108959586,1.0,1057.7008542571998
15,0.1666666,9.999996,0.0,71.6791447478653,71.6791447478653,97.4197641390444,5397.26377839865,0.195969827987732,94.8067168062623,42.556299272071,7.40044800768655,0.440007468521313,0.150002546086811,0.200220243571296,1.14753070140502,1.14752649283013,0.495981411431213,0.552573928216589,0.989496610275133,0.989496610275133,1.4842449154127,1.4842449154127,2.03282359480453,0.99969357308434,0.994100343374599,-20.2615126798292,9.94065742769445,814.776878273641,42.2394108959586,1.0,1057.7008542571998
16,0.1666666,9.999996,0.0,71.6791447478653,71.6791447478653,97.4197641390444,5397.26377839865,0.195969827987732,94.8067168062623,42.556299272071,7.40044800768655,0.440007468521313,0.150002546086811,0.200220243571296,1.14753070140502,1.14752649283013,0.495981411431213,0.552573928216589,0.989496610275133,0.989496610275133,1.4842449154127,1.4842449154127,2.03282359480453,0.99969357308434,0.994100343374599,-20.2615126798292,9.94065742769445,814.776878273641,42.2394108959586,1.0,1057.7008542571998
17,0.1666666,9.999996,0.0,71.6791447478653,71.6791447478653,97.4197641390444,5397.26377839865,0.195969827987732,94.8067168062623,42.556299272071,7.40044800768655,0.440007468521313,0.150002546086811,0.200220243571296,1.14753070140502,1.14752649283013,0.495981411431213,0.552573928216589,0.989496610275133,0.989496610275133,1.4842449154127,1.4842449154127,2.03282359480453,0.99969357308434,0.994100343374599,-20.2615126798292,9.94065742769445,814.776878273641,42.2394108959586,1.0,1057.7008542571998
18,0.1833332,10.999992,0.9999960000000002,71.6816018725898,71.6816018725898,97.4137562570818,5397.29895650076,0.192992192616489,84.7748511847919,43.1830012721122,7.39409839358696,0.44000831285799,0.15000283392886,0.200220609373092,1.38628634731619,1.38628042340546,0.704656499203168,0.582645159520325,0.989576954468663,0.989576954468663,1.48436543170299,1.48436543170299,2.03256262390622,0.99968969684495,0.994138537179572,-20.2594419455499,9.94104381813969,819.488726061716,41.4659082568376,1.0,1041.6365598217699
19,0.1999998,11.999988,1.9999920000000004,71.6969050655041,71.6969050655041,97.367149828683,5402.28167396449,0.190252715144294,78.0606115948439,43.7654740045239,7.38827896116345,0.440009157016582,0.150003121710198,0.200220975093782,1.71432000879315,1.71431002802689,1.00392459583774,0.611357476831472,0.990074784618491,0.990074784618491,1.48511217692774,1.48511217692774,2.03094896536115,0.999685994286991,0.994385352060432,-20.2466349823623,9.94354004786632,825.34720667263,40.5352911590664,1.0,1027.798756446006
20,0.2166664,12.999984000000001,2.9999880000000005,71.7130486460956,71.7130486460956,97.3181587357614,5407.43845296437,0.187712853350563,73.1626770849941,44.3043909105329,7.3829632322845,0.440009988509669,0.150003405173751,0.200221335051114,2.00563464673709,2.00561741227104,1.26804728718879,0.638490053028363,0.990601321138994,0.990601321138994,1.48590198170849,1.48590198170849,2.02924858645043,0.999682844177312,0.994646781997584,-20.2331341385191,9.94618278461466,832.107770282308,39.6839111737408,1.0,1015.0457013234961
21,0.233333,13.99998,3.999984000000001,71.7315633875616,71.7315633875616,97.2615609685802,5413.43492722083,0.18534123246966,69.3798039523967,44.8010867353363,7.37812087733605,0.440010798905575,0.150003681445082,0.200221685408354,2.24703863059359,2.24701081167244,1.48395537892522,0.663915296383493,0.991206932325957,0.991206932325957,1.48681039848893,1.48681039848893,2.02730090072682,0.999680263809482,0.994947994601557,-20.2176626202797,9.94922600784125,839.830887361157,38.9327240870146,1.0,1003.3327013054128
22,0.2499996,14.999976,4.999979999999999,71.751647538524,71.751647538524,97.1997788088406,5419.95791754266,0.18311119352515,66.3342074531732,45.2573581704881,7.37371967127406,0.44001159097656,0.150003951469282,0.20022202742699,2.44514281895814,2.4451013451548,1.65831805366405,0.687577674729255,0.991866069912915,0.991866069912915,1.48779910486937,1.48779910486937,2.02519087675793,0.999678325574624,0.995276264708813,-20.2008930258521,9.95254056437606,848.397050280936,38.2702793854418,1.0,992.454963137323
23,0.2666662,15.999972000000001,5.999976000000001,71.7728829753049,71.7728829753049,97.1339838250282,5426.86440787562,0.181000703693272,63.8032920439668,45.6752704144901,7.36972720259203,0.440012354958189,0.150004211917565,0.200222356663835,2.6085868293372,2.60852901437583,1.79977999352006,0.709473813752993,0.992565538992634,0.992565538992634,1.48884830848895,1.48884830848895,2.0229629393428,0.999677068336393,0.995625020895017,-20.183176666614,9.95605964191883,857.731637128465,37.680513410457,1.0,982.2662766734591
24,0.2833328,16.999968,6.999972,71.7980227636144,71.7980227636144,97.0548840070569,5435.25864675536,0.178990980052885,61.6461815991539,46.0570623406608,7.36611157338106,0.440013095805509,0.150004464479151,0.200222675373626,2.74471249080756,2.74463603513852,1.91563905421438,0.729638917506236,0.993397071108558,0.993397071108558,1.49009560666284,1.49009560666284,2.02032937980341,0.999676529270917,0.996040101654183,-20.1622220659219,9.96024482953628,867.685926060779,37.1485442272726,1.0,972.8622720236593
25,0.2999994,17.999964000000002,7.999968000000002,71.8232719920889,71.8232719920889,96.9749308016587,5443.61730376696,0.177066267566171,59.7694180196619,46.4050637478485,7.36284192340828,0.440013800029053,0.150004704555359,0.200222977418148,2.86043754500576,2.86034045502524,2.01276310298606,0.748135567311692,0.994236099937264,0.994236099937264,1.4913541499059,1.4913541499059,2.0176886472926,0.99967681736147,0.996459340599399,-20.1411964950818,9.96446848717067,878.299567581,36.665181988148,1.0,963.8809980366389
26,0.316666,18.99996,8.999964,71.8499200331756,71.8499200331756,96.8904166739772,5452.44150583241,0.175213476799503,58.1086365939969,46.7216265527732,7.35988884636117,0.440014470622456,0.150004933166746,0.200223264159621,3.03910174354547,3.03897910243849,2.17440393245205,0.765044475891045,0.995125921970324,0.995125921970324,1.49268888295549,1.49268888295549,2.01490627160339,0.99967793686334,0.996904366455847,-20.1190280985654,9.968948131741,889.478168306185,36.2212183843129,1.0,955.3412332828142
27,0.3333326,19.999955999999997,9.999959999999998,71.877751473248,71.877751473248,96.8023122360732,5461.62520247574,0.173421563424905,56.6179399265315,47.0090461335499,7.35722487658272,0.440015105375825,0.15000514955994,0.200223534592466,3.29545794160869,3.29530222768853,2.41522203587505,0.780456032724032,0.996060094471398,0.996060094471398,1.4940901417071,1.4940901417071,2.01200544042544,0.999679928314202,0.997371981345565,-20.0958994568908,9.9736509301388,901.494692621726,35.8096503027182,1.0,947.1635814542061
28,0.3499992,20.999952,10.999956000000001,71.9073079554246,71.9073079554246,96.7087952045244,5471.38805499971,0.171681263419128,55.263818470354,47.269584349827,7.35482405881829,0.44001570256237,0.150005353146262,0.200223787930932,3.5975438439003,3.59734667503576,2.70315435596476,0.794468221185525,0.997057718066585,0.997057718066585,1.49558657709988,1.49558657709988,2.00893050083333,0.999682826249963,0.997871743299241,-20.0713642792009,9.97867223462545,916.231629636278,35.428360054268,1.0,939.3348139386757
29,0.3666658,21.999948,11.999951999999999,71.943805428091,71.943805428091,96.5925477872791,5483.79732599177,0.169984796726593,54.0212529390761,47.505392766817,7.35266246643199,0.440016259691893,0.150005543076782,0.20022402304189,3.92550144934658,3.92525381129781,3.01822537878812,0.807180007290299,0.998297846225622,0.998297846225622,1.49744676933843,1.49744676933843,2.00514118486752,0.999686682236635,0.998493115308016,-20.0411030521913,9.98490848028226,932.747752172198,35.0932384202965,1.0,932.1621737485452
30,0.3833324,22.999944,12.999948000000002,71.9945116570357,71.9945116570357,96.4297573107891,5501.6699510218,0.168325597689247,52.8712002969376,47.7185145893342,7.3507180099086,0.440016766626725,0.150005715895475,0.200224235312322,4.26669494734909,4.26638739036017,3.34767500995058,0.818689561507199,1.00003645753429,1.00003645753429,1.50005468630144,1.50005468630144,1.99989062939084,0.999691708922097,0.999364064999427,-19.9991249513971,9.99363660843283,950.342756625887,34.7901902548622,1.0,926.0718827947147
31,0.399999,23.99994,13.999944,72.0528450639004,72.0528450639004,96.2447253495134,5522.06501452607,0.166698196530511,51.7989285362485,47.9107403053417,7.34897159906478,0.440017202591695,0.150005864519896,0.200224415288749,4.61286199491742,4.61248482581373,3.68317582170742,0.829085058503551,1.00203967011718,1.00203967011718,1.50305950517578,1.50305950517578,1.99388722790834,0.999698348508733,1.0003679894779,-19.9508369466174,10.0036820105178,956.437441802876,34.7901902548622,1.0,920.5182790457258
32,0.4166656,24.999936,14.999940000000002,72.0675046713789,72.0675046713789,96.2044658678645,5524.82125144629,0.165098302403051,50.7930279659841,48.0836117020019,7.34740696063527,0.440017557348986,0.150005985459882,0.200224558312588,4.95831583241299,4.95785931050296,4.01914064133355,0.838443828895834,1.00253967408335,1.00253967408335,1.50380951112502,1.50380951112502,1.99239064857144,0.999706830011058,1.00062198221016,-19.9387211947626,10.0062258661416,993.024880605295,34.1992691720889,1.0,912.1386096940823
33,0.4333322,25.999932,15.999936,72.1947419065001,72.1947419065001,95.8084298376056,5571.07161740478,0.163522879275839,49.844867274732,48.2388558303755,7.34600661500016,0.440017895723545,0.150006100814845,0.200224693881638,5.29973465496278,5.2991891002199,4.35162640478644,0.846855092546321,1.00685265276058,1.00685265276058,1.51027897914087,1.51027897914087,1.97951239954488,0.999715788724367,1.00278079441609,-19.8331868024573,10.0279287089574,997.000603335426,34.1992691720889,1.0,910.997671529935
34,0.4499988,26.999927999999997,16.999931999999998,72.2280926057017,72.2280926057017,95.7156800332802,5579.61428622837,0.161967171222362,48.9460396207727,48.3777801455328,7.3447572575864,0.440018059418659,0.150006156619997,0.200224749964949,5.63428331445884,5.63363929994433,4.67843169480521,0.854386726328812,1.00797053956262,1.00797053956262,1.51195580934393,1.51195580934393,1.97618354897242,0.999728665798369,1.00334561741071,-19.8055383561431,10.0336309618449,1034.44362967223,33.7055988575513,1.0,903.7143424522875
35,0.4666654,27.999924,17.999928,72.353501000848,72.353501000848,95.3479335746597,5622.50516584012,0.160431022024587,48.0919526252564,48.5014859012505,7.34364776025512,0.440018183776106,0.150006199014582,0.200224788148132,5.96036432837011,5.95961274872048,4.99727614633286,0.861096256146993,1.01214205576368,1.01214205576368,1.51821308364552,1.51821308364552,1.96379452946186,0.999742576715412,1.00543624521166,-19.7013227613297,10.0548237621777,1038.60586755625,33.7055988575513,1.0,902.0242500942505
36,0.483332,28.99992,18.999924,72.3930537179433,72.3930537179433,95.2433344508204,5632.20183827589,0.158911056606271,47.2769811195415,48.6112568852615,7.34266558721367,0.440018143673016,0.150006185343074,0.200224751495594,6.2764815245272,6.27561373408569,5.30718918206378,0.867051936911594,1.01344354457724,1.01344354457724,1.52016531686586,1.52016531686586,1.95993985219526,0.999760267586101,1.00609518430938,-19.6684779768986,10.0615316948418,1078.89458960356,33.2360941836784,1.0,895.0191451402035
37,0.4999986,29.999916000000002,19.99992,72.5334633966855,72.5334633966855,94.8531102520968,5678.14087564263,0.157407505236389,46.4980762075692,48.7081026405561,7.34180089820374,0.44001805882285,0.150006156416881,0.200224694481465,6.58206485491304,6.58107266541524,5.60693081115654,0.872307494599227,1.01802759527658,1.01802759527658,1.52704139291488,1.52704139291488,1.94640324074149,0.999779145731537,1.00839435670642,-19.5515795258892,10.0850429225747,1082.28067082884,33.2360941836784,1.0,893.7819896156717
38,0.5166652,30.999912000000002,20.999916000000002,72.5770877433165,72.5770877433165,94.7442064743346,5688.07316913888,0.155917592805622,45.7511122046793,48.7931548097039,7.34104287938017,0.4400177996765,0.150006068071534,0.200224558156059,6.87622762711231,6.87510343432926,5.89620145133102,0.876923989966599,1.0194357406259,1.0194357406259,1.52915361093886,1.52915361093886,1.9422575646897,0.999802117200591,1.00910921104293,-19.5152987682181,10.0923865115346,1124.80250436038,32.7796343947085,1.0,886.8706762343799
39,0.5333318,31.999908,21.999912000000002,72.6940514002693,72.6940514002693,94.4370093266826,5723.67936689873,0.154441923787605,45.0340496930105,48.8672891400309,7.34038324832446,0.440017493512675,0.150005963697503,0.200224400435967,7.15887348685678,7.15761021375712,6.17430479900749,0.880948216825345,1.0231881479197,1.0231881479197,1.53478222187955,1.53478222187955,1.93123897453683,0.999826355277333,1.01099565752456,-19.4177905685391,10.1118419688084,1128.51994093643,32.7796343947085,1.0,883.9760525672609
40,0.5499984,32.999904,22.999908,72.7948461798366,72.7948461798366,94.1829914638792,5752.24569486696,0.152978395875978,44.3439914865773,48.93186563981,7.33980946190599,0.440017050019274,0.150005812506571,0.200224180225818,7.42973726348475,7.42832842055258,6.44119306462836,0.88445389874687,1.02638813826521,1.02638813826521,1.53958220739781,1.53958220739781,1.92187549222762,0.999853940399023,1.01260784526298,-19.3337103512541,10.1285565310907,1171.21901327968,32.3229039393521,1.0,879.9693190852479
41,0.566665,33.9999,23.999903999999997,72.9061505316274,72.9061505316274,93.9088823480728,5783.53656105333,0.151526935537038,43.6789433689251,48.9871709215854,7.33931864332131,0.440016494300368,0.150005623056944,0.200223908948919,7.6887701487579,7.68720982024551,6.69671698247302,0.887456436135835,1.02988878020884,1.02988878020884,1.54483317031326,1.54483317031326,1.91166699294242,0.999884358976638,1.01437162520263,-19.240784615787,10.1469351474145,1174.4265764635,32.3229039393521,1.0,876.3615716628303
42,0.5833316,34.999896,24.999899999999997,73.0195847982518,73.0195847982518,93.6374467183723,5814.47873758582,0.150086954110452,43.0372279880266,49.0344348788397,7.33889961640937,0.440015817846497,0.150005392447669,0.20022358273316,7.93593777218121,7.93422062429656,6.94080293902448,0.89002251157217,1.0334223561608,1.0334223561608,1.55013353424119,1.55013353424119,1.90139917871137,0.999917864045589,1.01615339892511,-19.1460144036088,10.1655992018606,1217.78100695259,31.8676398683227,1.0,872.6774034642419
43,0.5999982,35.999892,25.999896000000003,73.1365515542563,73.1365515542563,93.3648800995038,5845.63361592552,0.148658108851004,42.4171211507719,49.0738959992485,7.33855006196537,0.44001502177808,0.150005121060709,0.20022320208839,8.17135837311506,8.16947962436811,7.17355244830055,0.892165040993859,1.03703212524423,1.03703212524423,1.55554818786634,1.55554818786634,1.89094799545423,0.999954466962978,1.01797478004098,-19.0482282362133,10.1847797904696,1219.90413622363,31.8676398683227,1.0,869.000838379344
44,0.6166648,36.999888,26.999892000000003,73.2648733493364,73.2648733493364,93.0729446626519,5879.42347817241,0.147240069977079,41.8173870616595,49.1066878308721,7.33825978550019,0.440014105737786,0.150004808774245,0.200222766852026,8.39516067337555,8.39311608484747,7.39500932184131,0.893945536699903,1.0409555735282,1.0409555735282,1.56143336029229,1.56143336029229,1.87963214361995,0.999994217221628,1.01995441758815,-18.9408700234929,10.2057433728293,1263.68335323621,31.4051244186094,1.0,865.6867243509869
45,0.6333314,37.999884,27.999888,73.3863541686525,73.3863541686525,92.8048802411942,5910.05684200805,0.145832208857758,41.2364556895433,49.1329305561919,7.33802760324063,0.440013060733782,0.15000445252288,0.200222272932464,8.60756265401652,8.60534849586017,7.60544158003608,0.895370537604322,1.04463557869872,1.04463557869872,1.56695336804807,1.56695336804807,1.86905953397736,1.00003737754051,1.02181416033026,-18.8391935145381,10.2255476831907,1264.68720455788,31.4051244186094,1.0,861.8766437449395
46,0.649998,38.99988,28.999883999999998,73.5262914293067,73.5262914293067,92.5020694701724,5945.48696636392,0.144435000636561,40.6736630082629,49.1536710333759,7.33784414164962,0.440011896547797,0.150004055641294,0.200221724750852,8.80871904397885,8.80633209502226,7.80487034126251,0.896497046076547,1.0488374851215,1.0488374851215,1.57325622768226,1.57325622768226,1.85703607399411,1.00008367287538,1.02393616025588,-18.7219837865605,10.2482752158672,1308.07819012745,30.9362419458603,1.0,858.7364137714379
47,0.6666646,39.999876,29.999880000000005,73.6504616171805,73.6504616171805,92.2420605708267,5975.11790320318,0.143047312980222,40.1274353015266,49.1689180360464,7.33770932593195,0.440010597455475,0.150003612768912,0.20022111518196,8.99893761060538,8.99637509966523,7.99370738731805,0.897325149686367,1.05253272818848,1.05253272818848,1.57879909228272,1.57879909228272,1.84650510325221,1.00013363125348,1.02580691335688,-18.6179653766885,10.268426993869,1308.01916457921,30.9362419458603,1.0,854.7245607932331
48,0.683331199999999,40.99987199999994,30.999875999999944,73.8012271403566,73.8012271403566,91.9309033401416,6011.89999039192,0.141670125930693,39.5974661256594,49.1796322647019,7.33761455885666,0.440009181880544,0.150003130186549,0.200220452609281,9.1784209687458,9.17568058157549,8.17197596880369,0.897907404287253,1.05698302996679,1.05698302996679,1.58547454495018,1.58547454495018,1.83387525174535,1.00018669674328,1.02805637184005,-18.4915738394059,10.2928009797625,1350.35706163365,30.4597209232736,1.0,851.7066287215554
49,0.699997799999999,41.99986799999994,31.99987199999994,73.9255483111247,73.9255483111247,91.6833260407071,6039.90303805463,0.140302094408863,39.0822679149562,49.1857265575268,7.33756063771652,0.440007626432048,0.150002599920016,0.20021972638908,9.3474740837346,9.34455391239121,8.34014463608516,0.898238753849,1.06062148798642,1.06062148798642,1.59093223197964,1.59093223197964,1.82359228779056,1.00024359525933,1.02990223087888,-18.3873697909867,10.3129181021114,1349.37305278002,30.4597209232736,1.0,847.4110462655191
50,0.716664399999999,42.99986399999994,32.999867999999935,74.0873052734885,74.0873052734885,91.3637899680173,6078.08484545741,0.138944339902296,38.5816980915456,49.1880934450564,7.33753960942314,0.440005958750447,0.150002031392198,0.200218949098806,9.50639201125081,9.50329053298902,8.49827089929077,0.898367985100776,1.06532095064204,1.06532095064204,1.59798142596307,1.59798142596307,1.81036770967072,1.00030350661822,1.03227956815481,-18.2516766008057,10.3389818742942,1389.87105639666,29.9757546926928,1.0,844.5154867222285
51,0.733330999999999,43.999859999999934,33.99986399999994,74.2081666228517,74.2081666228517,91.134510512511,6103.59523902083,0.137595579760303,38.0944300032705,49.1865588911469,7.33755305913335,0.440004145915102,0.150001413380148,0.200218105758368,9.65539986502961,9.65211594267552,8.64682020133125,0.89828532800675,1.06880366664374,1.06880366664374,1.60320549996561,1.60320549996561,1.80060848869863,1.00036743218236,1.03405114757973,-18.1503506959937,10.3585173188454,1388.18164352719,29.9757546926928,1.0,839.8277255352964
52,0.749997599999999,44.999855999999944,34.99985999999994,74.3817748457448,74.3817748457448,90.8049295494982,6143.45027753104,0.136256510597164,37.6202520453745,49.1819522056798,7.33759361069417,0.440002228330463,0.150000759658112,0.200217214753296,9.79495367615234,9.79148645735706,8.78592997629515,0.89803612763717,1.07377461658665,1.07377461658665,1.61066192487997,1.61066192487997,1.78673980815209,1.00043418712292,1.03656751454649,-18.0046562618566,10.3864311076014,1426.07765839555,29.4846342698367,1.0,837.0850978435584
53,0.766664199999999,45.99985199999994,35.999855999999944,74.4949848207671,74.4949848207671,90.6002036652557,6165.51709516166,0.134926179701948,37.1580733836422,49.1740268894438,7.33766349859848,0.440000160139349,0.15000005459296,0.200216255216899,9.92512722833325,9.92147625485144,8.91601627623927,0.897606700222241,1.07699048962567,1.07699048962567,1.6154857344385,1.6154857344385,1.77780574339723,1.00050515466198,1.03820932689901,-17.9097633166065,10.4047481373736,1423.94988357362,29.4846342698367,1.0,831.8896675372147
54,0.783330799999999,46.99984799999994,36.99985199999994,74.6856481038132,74.6856481038132,90.2506631136696,6208.49952962214,0.133605314892863,36.7077626697606,49.1635563484973,7.33775585304068,0.439997998150661,0.149999317551362,0.200215252999334,10.0465121170935,10.0426771177565,9.03723093807866,0.89703932939301,1.08237842852662,1.08237842852662,1.62356764278993,1.62356764278993,1.762904263414,1.00057866862212,1.04093735936011,-17.7497179645686,10.4353660683817,1458.42374737255,28.9863243032024,1.0,829.4885346673578
55,0.799997399999999,47.99984399999994,37.999847999999936,74.7848278758543,74.7848278758543,90.080378391077,6225.60764910193,0.1322927473519,36.2682455600823,49.1502202532587,7.33787356520735,0.439995676072049,0.149998525933653,0.200214177935161,10.1590235582089,10.1550046779925,9.14999161980279,0.896316345500964,1.0851582791385,1.0851582791385,1.62773741870775,1.62773741870775,1.75524867082009,1.00065672560575,1.04236492323256,-17.6666510477245,10.4514789235788,1456.21517840941,28.9863243032024,1.0,823.6027398346978
56,0.816663999999999,48.999839999999935,38.99984399999994,74.9983299305675,74.9983299305675,89.7007707746046,6273.23872899049,0.130989481587766,35.8395386771318,49.1347445770886,7.33801019489993,0.43999328058185,0.149997709289267,0.200213069466219,10.2634246000334,10.2592220441679,9.25443462119438,0.895477410038438,1.09112075159126,1.09112075159126,1.63668112738689,1.63668112738689,1.73890308857852,1.00073689852012,1.04538326467989,-17.4874217089419,10.4857516395095,1486.47214861925,28.4812217634283,1.0,821.7282889867604
57,0.833330599999999,49.999835999999945,39.99983999999994,75.0822580783729,75.0822580783729,89.5646732108327,6285.30208161536,0.129693997830291,35.4205352829683,49.1167504847605,7.33816914426503,0.439990706658578,0.149996831815424,0.200211879803898,10.3594192345127,10.355033671245,9.35097735216807,0.894501751481585,1.09344354052557,1.09344354052557,1.64016531078836,1.64016531078836,1.7325629411921,1.00082208201649,1.04658608950077,-17.4172288322108,10.4994869105837,1484.35816257989,28.4812217634283,1.0,815.1659545357461
58,0.849997199999999,50.99983199999994,40.99983599999994,75.3287472202656,75.3287472202656,89.1383007669929,6340.07205619967,0.128407681246228,35.0114225506694,49.0969443080864,7.33834415112863,0.439988072783012,0.1499959339033,0.200210662861307,10.4479833018667,10.4434153227892,9.43973185689948,0.89342793438118,1.10025362875234,1.10025362875234,1.65038044312851,1.65038044312851,1.71406339181571,1.00090892349116,1.05003114930737,-17.2103232387964,10.539070459062,1509.61823765278,27.9688033200189,1.0,814.1139516706047
59,0.866663799999999,51.99982799999994,41.99983199999994,75.4735221211492,75.4735221211492,88.9013010536477,6366.69243526973,0.127128641980731,34.6110576535949,49.0749223583438,7.33853884178845,0.439985241879416,0.149994968822528,0.200209356263985,10.5287564271398,10.5240070957629,9.52110459451024,0.892233841394045,1.10422252675223,1.10422252675223,1.65633379012835,1.65633379012835,1.70334289736505,1.00100149445731,1.05205989934139,-17.0890274365776,10.5625495577269,1505.10701039107,27.9688033200189,1.0,809.3889632048339
60,0.883330399999999,52.99982399999994,42.99982799999994,75.5530599623818,75.5530599623818,88.7790443472566,6376.79471722812,0.125858352235761,34.219526817497,49.050803999169,7.33875213699545,0.439982301626356,0.14999396646353,0.200207999908906,10.6019898755672,10.5970604629035,9.59523537216938,0.890926250056509,1.10638871830358,1.10638871830358,1.65958307745538,1.65958307745538,1.69751064240624,1.00109714427887,1.05318973693207,-17.0226196166107,10.5756795789924,1531.23157181184,27.46317430757,1.0,802.5728756560367
61,0.899996999999999,53.99981999999994,43.99982399999994,75.8523522787514,75.8523522787514,88.2811644287404,6442.5318898148,0.124596624299345,33.8365763444701,49.0252510865058,7.33897826861764,0.4399793077026,0.149992945807705,0.200206619131951,10.6687325058709,10.6636240945646,9.66234449022156,0.889540664415108,1.11453996435351,1.11453996435351,1.67180994653027,1.67180994653027,1.6756835380902,1.00119431194275,1.05730986816596,-16.7715360847378,10.6238883634892,1521.17496907124,27.46317430757,1.0,802.7177254118037
62,0.916663599999999,54.99981599999994,44.99981999999994,75.9708008008346,75.9708008008346,88.0999761228679,6460.77665180316,0.123341340591139,33.4611166994841,48.9978608485006,7.33922073856378,0.439976085913364,0.149991847470465,0.200205134668159,10.72820037341,10.7229147025288,9.72278333156451,0.888055771247309,1.11773860650178,1.11773860650178,1.67660790975268,1.67660790975268,1.66716971537599,1.00129827050518,1.05895956920023,-16.6725345556615,10.6433353564961,1542.56125316056,26.9316846508083,1.0,796.8808534933323
63,0.933330199999999,55.99981199999994,45.99981599999994,76.0679788757078,76.0679788757078,87.9538317430392,6474.35058644573,0.122095612908279,33.093750004602,48.968739989156,7.33947870329756,0.43997278415679,0.149990721871633,0.20020361381659,10.7809111878464,10.7754500369831,9.77662007077021,0.886476905019663,1.12035291124849,1.12035291124849,1.68052936687273,1.68052936687273,1.66023267846188,1.00140461277624,1.06031858555674,-16.5914386851553,10.6594175608632,1539.38239116438,26.9316846508083,1.0,790.489803035167
64,0.949996799999999,56.99980799999994,46.99981199999994,76.37142955164,76.37142955164,87.4686763240796,6538.5493903028,0.120856425353464,32.7334563398753,48.9384649667317,7.33974700726959,0.439969411944706,0.149989572253877,0.200202060905483,10.8278420364261,10.822206957885,9.82417374484404,0.884835767297773,1.12851748523393,1.12851748523393,1.6927762278509,1.6927762278509,1.63869198771336,1.00151271656854,1.06445084215862,-16.3372307590574,10.7086603106974,1549.57859632022,26.3997295962671,1.0,790.2257063090678
65,0.966663399999999,57.99980399999994,47.99980799999994,76.4794725247858,76.4794725247858,87.3118274549539,6553.10499039408,0.119626840558409,32.3807288370061,48.9067554728639,7.3400282082508,0.439965820391551,0.149988347860756,0.200200408186514,10.8679770709717,10.8621704003574,9.86554985087396,0.883116854016407,1.13140050778987,1.13140050778987,1.6971007616848,1.6971007616848,1.63113042343992,1.00162762415958,1.06594836572083,-16.2471604921485,10.7266330169344,1546.07388113621,26.3997295962671,1.0,783.927245848387
66,0.983329999999999,58.999799999999944,48.99980399999994,76.6266062855363,76.6266062855363,87.0908470145372,6577.82682664349,0.118398560488056,32.0329574644034,48.8734962403292,7.3403233070857,0.439962157796408,0.149987099248775,0.200198723185509,10.9023964220183,10.8964201856321,9.90118930672772,0.881314218051557,1.13532410150455,1.13532410150455,1.70298615225682,1.70298615225682,1.62087707970195,1.00174448440714,1.06796663090509,-16.1243560928428,10.7509623783791,1556.71477691457,25.8786647085675,0.99988089961027,778.8052274143066
67,0.999996599999999,59.99979599999994,49.999799999999944,76.8468094295047,76.8468094295047,86.755666643376,6619.63069498741,0.117195752518069,31.6966820484332,48.8393948374234,7.34062610220977,0.4399583920845,0.149985815483352,0.200196991233468,10.9307927096481,10.9246493443714,9.93065479500719,0.879465888439881,1.14118762851086,1.14118762851086,1.71178144276629,1.71178144276629,1.60563442747786,1.00186429686479,1.07095536887357,-15.9404061624779,10.7872155919826,1556.48060900299,25.5780836165089,0.998908607642081,775.7926006907576
68,1.0166632,60.999792,50.999795999999996,77.1058151359961,77.1058151359961,86.3648839719298,6669.60062093688,0.115986766634314,31.3628975110945,48.8040094059148,7.34094046678044,0.439954474641053,0.149984479991268,0.200195190238407,10.9540243237383,10.9477160227065,9.95492230512754,0.877548360524088,1.14806344202804,1.14806344202804,1.72209516304205,1.72209516304205,1.58788235754121,1.00198869586905,1.07445203722753,-15.7241555589856,10.8299706949816,1548.04123963245,25.5780836165089,0.996952934507575,773.5854107646816
69,1.0333298,61.999787999999995,51.999792,77.0108006779137,77.0108006779137,86.5349064650464,6634.97494504853,0.114783845744601,31.0347704302211,48.7674435723403,7.34126552389321,0.439950379347003,0.149983083868297,0.200193308315228,10.9708612043409,10.9643911009878,9.973826280363,0.875567147999391,1.1455152308048,1.1455152308048,1.7182728462072,1.7182728462072,1.59444602148083,1.00211859025655,1.07324415291527,-15.8043592564691,10.8151599343828,1560.14563510633,25.0926268852219,0.994261228750675,761.587940611743
70,1.0499964,62.999784,52.999787999999995,77.39121533441,77.39121533441,85.9536149611614,6714.79852764145,0.113589970763294,30.7129775515896,48.7301252301586,7.34159758073221,0.43994635536015,0.149981712054597,0.200191458839738,10.9837047125038,10.9770747567692,9.98748621514348,0.873544897258398,1.15559530267774,1.15559530267774,1.73339295401661,1.73339295401661,1.5685872026797,1.00224559480185,1.07834265108846,-15.4867583785816,10.8779737129915,1551.8123324046,24.7717760079451,0.990506907538513,762.7337684362019
71,1.066663,63.999779999999994,53.999784,77.5663184743635,77.5663184743635,85.7038156578489,6743.17614655598,0.112400996141069,30.3961501036615,48.6917274133706,7.3419394245265,0.439942073904665,0.149980252467499,0.200189492207082,10.9908922845404,10.9841056190792,9.99611001485798,0.871464771527826,1.16020907378815,1.16020907378815,1.74031361068223,1.74031361068223,1.55684518015719,1.00238089291156,1.08071487881296,-15.3411465465383,10.9074650209018,1546.35052534764,24.7717760079451,0.98578222281733,757.9397160275873
72,1.0833296,64.999776,54.999779999999994,77.5661286971739,77.5661286971739,85.7240683422457,6731.34779167894,0.111219372798044,30.0847368746446,48.6522743215818,7.3422909131327,0.439937676058625,0.149978753201804,0.200187472612896,10.9926309420993,10.9856908141084,9.99982081830638,0.869327799100574,1.16018117836437,1.16018117836437,1.74027176754655,1.74027176754655,1.55691599719504,1.002519592388,1.080770294787,-15.3420272611028,10.9081559582767,1550.97339389279,24.2900865741698,0.980553667756253,748.6562794760302
73,1.0999962,65.99977200000001,55.999776000000004,77.8212903955476,77.8212903955476,85.3487842303627,6779.85197530751,0.110045444807345,29.7787698367635,48.6122911537054,7.34264744023892,0.439933281934806,0.149977255205047,0.200185454712821,10.9915003073981,10.9844085263014,10.0,0.867162116534018,1.16690189281924,1.16690189281924,1.75035283922886,1.75035283922886,1.53991636941032,1.002657580499,1.08419628571271,-15.1297596203787,10.9510500159263,1544.60721184412,23.9777076726019,0.97417277508722,746.0918263506716
74,1.1166628,66.999768,56.99977200000001,78.084735280383,78.084735280383,84.9675568675221,6828.53082820922,0.108876908897032,29.4773761060529,48.5713483334491,7.34301275697857,0.439928720694653,0.149975700236814,0.200183360769184,10.9901613719914,10.9829181127619,10.0,0.86494506677991,1.17382868213645,1.17382868213645,1.76074302320468,1.76074302320468,1.52252544997642,1.00280079254975,1.08772782300203,-14.9108967094951,10.995631989878,1536.38826761525,23.9777076726019,0.966867652116254,743.4693288835097
75,1.1333294,67.999764,57.999768,78.0779619206201,78.0779619206201,84.9999099052911,6814.59372618396,0.107714297467358,29.1805641491713,48.5295356354187,7.34338611569954,0.439923986766201,0.149974086397569,0.200181188246561,10.9880429194806,10.9806487501384,10.0,0.862681345486635,1.17362526351064,1.17362526351064,1.76043789526596,1.76043789526596,1.52303429249062,1.00294942477394,1.08770053151054,-14.917324118169,10.9952860387891,1538.56567117678,23.4980476575453,0.959289323845792,734.0291757413706
76,1.149996,68.99976,58.999764,78.191362975973,78.191362975973,84.8456839900191,6829.7726801842,0.106559101254327,28.8885171537903,48.4868187656062,7.34376792587804,0.439919258847544,0.149972474607117,0.200179018459006,10.9862013174081,10.9786561128826,10.0,0.860368630867015,1.17658961499487,1.17658961499487,1.76488442249231,1.76488442249231,1.51563030532539,1.00309714817096,1.08925508677542,-14.8236641710343,11.0150271470073,1535.64320817384,23.1991270589763,0.950492901511433,727.7744385717845
77,1.1666626,69.999756,59.99976,78.561446041431,78.561446041431,84.3060873070541,6902.84650695299,0.105409658494417,28.6008041177022,48.4436654251351,7.34415391303966,0.43991446308693,0.149970839688726,0.200176817801331,10.985033277797,10.9773366235461,10.0,0.858032945565355,1.18631114734767,1.18631114734767,1.77946672102151,1.77946672102151,1.49151752254286,1.00324668203097,1.09418575911565,-14.5166703623664,11.0781164037974,1524.09766926535,23.1991270589763,0.940852157608999,727.6266929372939
78,1.1833292,70.999752,60.999756000000005,78.5307073416955,78.5307073416955,84.3761966180732,6883.07853351749,0.104264528745562,28.3168795627012,48.3998275794515,7.34454633870407,0.439909425245073,0.149969122242639,0.200174506988441,10.9827417638113,10.9748945012819,10.0,0.855660721215827,1.18547528243383,1.18547528243383,1.77821292365075,1.77821292365075,1.49358063576384,1.0034041029075,1.09384695502945,-14.5430508789881,11.0737582206836,1525.84393356836,22.7252695216251,0.931161391042439,717.660939615895
79,1.1999958,71.999748,61.99975199999999,78.6088455331446,78.6088455331446,84.2771274605984,6890.0810485693,0.10312668764396,28.037341303216,48.3553517930897,7.34494487233065,0.439904407286476,0.149967411574935,0.200172205223567,10.9807111086172,10.972713117661,10.0,0.853254093537544,1.18750576212414,1.18750576212414,1.78125864318622,1.78125864318622,1.48857222871778,1.00355998835878,1.0949391223604,-14.478973908454,11.0878194415986,1523.65755371286,22.7252695216251,0.920218842545853,710.5512361373746
80,1.2166624,72.99974399999999,62.999748000000004,79.0100890417035,79.0100890417035,83.6954519243376,6969.45962975824,0.1019943624996,27.7616962161466,48.3105577392475,7.34534658195072,0.439899342377275,0.149965684901344,0.200169882094915,10.9795416136324,10.9713923176924,10.0,0.850830877621775,1.19803968549777,1.19803968549777,1.79705952824666,1.79705952824666,1.46276875394819,1.00371682648314,1.10027923614771,-14.1469910246597,11.1570800663633,1511.314586339,22.211418192105,0.90937062283119,710.84559190389
81,1.233329,73.99973999999999,63.999743999999986,78.9600980369072,78.9600980369072,83.7952287301248,6945.30977449399,0.100865846352383,27.489406977383,48.2652612234228,7.34575320033954,0.439894020414572,0.149963870595877,0.20016744199819,10.9771201378784,10.9688205223032,10.0,0.848380721563444,1.19669548093945,1.19669548093945,1.79504322140917,1.79504322140917,1.46604473213076,1.00388230289797,1.09969054417824,-14.1893053813459,11.1494034182531,1513.43426613219,22.211418192105,0.897128394380609,700.5445485838146
82,1.2499956,74.99973600000001,64.99974,79.0733746048654,79.0733746048654,83.6451575292468,6960.04973924564,0.0997448436230389,27.2212073363951,48.2195401970329,7.34616405582049,0.439888728955558,0.149962066689395,0.200165015782176,10.9751194388988,10.9666692531575,10.0,0.845907785973395,1.19964896002489,1.19964896002489,1.79947344003734,1.79947344003734,1.45885319350956,1.00404576345387,1.10124753725937,-14.0963545600336,11.169729164899,1510.20556184826,21.7326876715749,0.885110205158457,694.229072849629
83,1.2666622,75.99973200000001,65.99973600000001,79.4228711583381,79.4228711583381,83.1451290189349,7026.76725821563,0.0986293453807428,26.9566247184785,48.1737191932202,7.34657616384403,0.439883369580796,0.149960239629817,0.200162558662526,10.973757507666,10.965156312871,10.0,0.843430113276554,1.20882370631539,1.20882370631539,1.81323555947309,1.81323555947309,1.43666332992576,1.00421097703681,1.10591292982294,-13.808190853687,11.2310620120251,1499.59875930071,21.4227562218318,0.871785520570405,693.0454548206445
84,1.2833288,76.999728,66.999732,79.4191785478406,79.4191785478406,83.1760435384908,7013.21904320585,0.097518321410535,26.6952479565195,48.1276177539031,7.34699121889256,0.43987778576436,0.149958336056032,0.200159999414401,10.9714198334786,10.9626684520053,10.0,0.84093758245217,1.20869637362498,1.20869637362498,1.81304456043748,1.81304456043748,1.43696974400552,1.00438357788298,1.10593562756717,-13.812183425437,11.2313619732776,1500.29189586919,21.4227562218318,0.857725884809774,683.9173487778328
85,1.2999954,77.999724,67.999728,79.4747109058368,79.4747109058368,83.1140298121716,7014.62317067496,0.0964147006712657,26.4376846949533,48.0813412843539,7.34740828304527,0.439872202114902,0.149956432539171,0.200157440242725,10.9692342789618,10.9603326584709,10.0,0.838435901310731,1.21012960280841,1.21012960280841,1.81519440421262,1.81519440421262,1.43352332728045,1.00455521559592,1.10673734440076,-13.7672558635552,11.241966769392,1498.98394705539,20.9976920035186,0.84407514683848,676.312793322351
86,1.316662,78.99972,68.99972399999999,79.8729732984479,79.8729732984479,82.5426676922688,7091.79478751255,0.0953172527026817,26.1835921414832,48.0351531169716,7.34782491142967,0.439866583467343,0.14995451709114,0.200154865146142,10.967990464081,10.9589378941832,10.0,0.835939775523002,1.22060316734976,1.22060316734976,1.83090475102463,1.83090475102463,1.4085051790594,1.00472721261362,1.11205488839801,-13.4398105697637,11.3127838682116,1486.89015158455,20.6997208187991,0.829299600023247,675.9703958768946
87,1.3333286,79.99971599999999,69.99972000000001,79.8014954340177,79.8014954340177,82.6759118158313,7063.01807169135,0.0942241921423012,25.9324720609426,47.9889293676864,7.34824223648809,0.439860714348765,0.149952516255261,0.20015217607686,10.9654630231235,10.9562606218487,10.0,0.833442447245034,1.21868458315659,1.21868458315659,1.82802687473489,1.82802687473489,1.41306613559318,1.00490765799895,1.11118677828619,-13.4996704940625,11.3011659280802,1489.80516299303,20.6997208187991,0.813895741907389,665.5071718915915
88,1.3499952,80.999712,70.99971599999999,79.9227897739185,79.9227897739185,82.5160160274151,7079.19856527298,0.0931388527929716,25.6849608708637,47.9427393805105,7.34865969656862,0.439854886823767,0.149950529599012,0.200149505934618,10.9634647557374,10.9541121480157,10.0,0.83094731055462,1.22185514498184,1.22185514498184,1.83278271747275,1.83278271747275,1.40553421186999,1.00508552031657,1.11285940507671,-13.4007807157102,11.3235704896287,1486.44086639676,20.2874849855754,0.79906965933336,659.3484330631758
89,1.3666618,81.999708,71.999712,80.2522868803048,80.2522868803048,82.0484972371632,7140.30494122039,0.0920591880741585,25.4405806327357,47.8968366134284,7.34907489792203,0.439848983175458,0.149948516991633,0.200146801154073,10.9620547136713,10.9525514512427,10.0,0.828468673898897,1.2305342957126,1.2305342957126,1.8458014435689,1.8458014435689,1.38505320764732,1.0052652450408,1.11728450322885,-13.1309527797124,11.3832396600171,1476.596095725,20.2874849855754,0.783180898301215,657.3306754906512
90,1.3833284,82.999704,72.99970799999998,80.2320526789061,80.2320526789061,82.1054946666093,7123.21921855037,0.0909843548601832,25.1990307174772,47.8510950326678,7.34948903165647,0.439842872284474,0.149946433733343,0.200144002071304,10.9596955678433,10.9500425320414,10.0,0.825999414446414,1.22996530601115,1.22996530601115,1.84494795901672,1.84494795901672,1.38638977119614,1.0054518030526,1.11709357187887,-13.1486005710244,11.3806532499305,1477.91365118669,19.8351405626117,0.767964179652108,648.1015051274637
91,1.399995,83.9997,73.999704,80.3103675709904,80.3103675709904,82.0108160970154,7129.52909752624,0.0899168869730671,24.9607915575214,47.8055993068661,7.34990134072263,0.439836770597642,0.149944353612832,0.200141207177261,10.9576208612315,10.9478178692657,10.0,0.823544038143154,1.23200526452506,1.23200526452506,1.8480078967876,1.8480078967876,1.38160186605266,1.00563692994536,1.11820509460295,-13.0853576539472,11.3957252249376,1475.97051808122,19.8351405626117,0.751520342456584,641.06506203346
92,1.4166616,84.999696,74.99970000000002,80.6533815397047,80.6533815397047,81.5221075107384,7193.41288464535,0.088855396982703,24.7255269290048,47.7605498046273,7.35030991806457,0.439830620179602,0.14994225687941,0.200138390109316,10.9563010684456,10.9463474982849,10.0,0.821113864338258,1.24106855449811,1.24106855449811,1.86160283174717,1.86160283174717,1.36046304107246,1.00582286845039,1.122825177197,-12.8053779558169,11.4587594955216,1465.69824961815,19.3712231053004,0.735834144675327,639.1735575256533
93,1.4333282,85.99969200000001,75.999696,80.6143480483645,80.6143480483645,81.6082211168629,7172.18289678791,0.0877985364927839,24.4928453134559,47.7158471913919,7.35071572788019,0.439824253420886,0.149940086393484,0.200135474599285,10.9539486527198,10.9438454996597,10.0,0.81870310974773,1.23999678290658,1.23999678290658,1.85999517435986,1.85999517435986,1.3629514739651,1.00601595886074,1.12238637249221,-12.8383978058044,11.4527458541688,1467.66126770462,19.3712231053004,0.718873695566995,629.7071617965538
94,1.4499948,86.999688,76.99969200000001,80.7055006761279,80.7055006761279,81.4943407996909,7181.33267180673,0.086749130815918,24.2632818344372,47.6715473681747,7.35111823944022,0.439817907252346,0.149937922926936,0.200132568459039,10.9519779536402,10.9417249318029,10.0,0.816314883119048,1.24238326141703,1.24238326141703,1.86357489212554,1.86357489212554,1.35741470120595,1.00620712256375,1.12367400035968,-12.7649075418912,11.4704082180192,1465.3306521075,18.9558104942228,0.702749584886698,622.9743673791879
95,1.4666614,87.999684,77.99968799999999,81.0247589650202,81.0247589650202,81.0398667737544,7239.64307034972,0.0857055354036803,24.0364527534442,47.6278340992301,7.35151573999706,0.43981150483538,0.149935740284789,0.200129636724321,10.9506722892321,10.9402688277149,10.0,0.813959277627873,1.25084673147323,1.25084673147323,1.87627009720985,1.87627009720985,1.33789985449802,1.00639942024879,1.12799765249528,-12.5053102545129,11.5300692195331,1455.80948332685,18.9558104942228,0.685578050167987,620.4774854758666
96,1.483328,88.99968,78.999684,80.9923665261924,80.9923665261924,81.1166443960901,7220.04222581917,0.0846668763112617,23.8120814123686,47.5846068758591,7.35190910019614,0.439804900084608,0.149933488665207,0.200126612921181,10.9484205944731,10.9378676476104,10.0,0.811631055134058,1.24994635105363,1.24994635105363,1.87491952658044,1.87491952658044,1.33996697870139,1.00659821952841,1.12764731211549,-12.5328481683553,11.5252146945477,1457.5920944568,18.5458367490956,0.669305272680433,611.2984220955183
97,1.4999946,89.999676,79.99967999999998,81.0785931227533,81.0785931227533,81.0101296778811,7228.03609273808,0.0836353219940602,23.5905594957087,47.5419225445521,7.35229789521769,0.439798311819685,0.149931242665802,0.200123596620232,10.9465277862982,10.9358250718725,10.0,0.809332656015613,1.25220951864151,1.25220951864151,1.87831427796226,1.87831427796226,1.33477516676266,1.00679528187904,1.12887629550096,-12.4636668022929,11.5422599250462,1455.43682468096,18.5458367490956,0.652017842673366,604.519126000838
98,1.5166612,90.99967199999999,80.99967600000001,81.3839009826051,81.3839009826051,80.5743842696239,7283.11718752608,0.0826097176337295,23.3716107408326,47.4999223680665,7.3526806848912,0.439791669986063,0.14992897840434,0.200120555944207,10.9452840744937,10.9344310076091,10.0,0.807072499512287,1.26033447613084,1.26033447613084,1.89050171419626,1.89050171419626,1.31624665103628,1.00699327569911,1.13303370867691,-12.2163450247173,11.6002460073224,1446.33081695608,18.1430796094879,0.635681439246766,601.6562543548915
99,1.5333278,91.999668,81.99967199999999,81.3528890813257,81.3528890813257,80.6497824387592,7263.95196604078,0.0815889091428315,23.1549103244815,47.4585235740677,7.35305833640516,0.439784834402829,0.149926648091874,0.200117427105912,10.9431371478747,10.9321346773946,10.0,0.804845364837092,1.2594656877926,1.2594656877926,1.8891985316889,1.8891985316889,1.31821963533131,1.0071975564165,1.13270188926066,-12.2427104042049,11.5955994855307,1448.09778326168,18.1430796094879,0.618373011693079,592.6579169751934
100,1.5499944,92.99966400000001,82.999668,81.4372281272826,81.4372281272826,80.5457705106634,7271.51963052287,0.0805755220214141,22.9409416669932,47.4177610156335,7.35343045144167,0.439778014629841,0.149924323169264,0.200114305462403,10.9413473530154,10.9301951806889,10.0,0.802653505539638,1.26168692904709,1.26168692904709,1.89253039357063,1.89253039357063,1.31317920268978,1.00740002954493,1.13391263583148,-12.1753410727059,11.6125691999885,1446.00949660758,17.7868590774954,0.602058277633512,585.9064901183405
101,1.566661,93.99966,83.99966400000001,81.7276584667585,81.7276584667585,80.1297644306317,7323.23815169754,0.0795680760920373,22.7293654723579,47.3777657197077,7.35379580126616,0.439771142299403,0.149921980329342,0.200111159903998,10.9401781090913,10.9288756496862,10.0,0.800504046783317,1.26944856334683,1.26944856334683,1.90417284502025,1.90417284502025,1.29566744065826,1.00760344075498,1.13789127776923,-11.9409741346451,11.6686326014037,1437.33587952896,17.7868590774954,0.585003170560602,582.6959704943804
102,1.5833276,94.999656,84.99965999999999,81.6937539756892,81.6937539756892,80.2101927055356,7303.60441454476,0.0785661131917878,22.520009931644,47.3384543521635,7.35415510399819,0.43976408508592,0.149919574461109,0.200107930217963,10.9381385997669,10.9266868030975,10.0,0.79839264644761,1.26849652075489,1.26849652075489,1.90274478113234,1.90274478113234,1.29780700605781,1.00781267519581,1.13752034971497,-11.9696324762982,11.6633864519874,1439.22009971008,17.4290474065126,0.568965117033657,573.8158111411648
103,1.5999942,95.999652,85.99965600000002,81.7802389817261,81.7802389817261,80.1022461536451,7311.68039852796,0.0775719290613262,22.3132878980967,47.2998773496981,7.35450797845876,0.439757045853553,0.149917174722802,0.20010470871455,10.9364772417662,10.9248757694639,10.0,0.796321431382239,1.27078474754491,1.27078474754491,1.90617712131737,1.90617712131737,1.29266854572156,1.00802008936339,1.13876702608038,-11.9007953842583,11.6810343659844,1437.05781492707,17.4290474065126,0.552180569321876,567.1811531937003
104,1.6166608,96.99964800000001,86.999652,82.0428999968866,82.0428999968866,79.7255224027926,7357.3306346502,0.0765844144516326,22.1089395496605,47.2621344779491,7.35485331215528,0.439749952813763,0.149914756641055,0.200101462727486,10.9353598609583,10.92360818074,10.0,0.794296803851466,1.27783312901993,1.27783312901993,1.91674969352989,1.91674969352989,1.27692591284963,1.00822836914367,1.14239183251729,-11.6897021384744,11.732602135361,1429.23081472768,17.0744665573259,0.536430141263796,563.456858581744
105,1.6333274,97.999644,87.99964800000001,81.9690316848953,81.9690316848953,79.8672661812333,7329.40530290019,0.0756032015039459,21.9068203058218,47.2251831137995,7.3551916294998,0.439742691642621,0.149912281241803,0.200098140235434,10.9333374356493,10.921436569887,10.0,0.792315557053371,1.27579561524259,1.27579561524259,1.91369342286388,1.91369342286388,1.28146351061785,1.00844190711425,1.1414808633708,-11.7505749936593,11.7196066785546,1432.43490778189,17.0744665573259,0.519952136509781,554.1265060192526
106,1.649994,98.99964,88.99964399999999,82.1440575758844,82.1440575758844,79.6216293285648,7356.92683858873,0.0746304049108115,21.7073434490011,47.1892244639724,7.35552094866924,0.439735474425349,0.149909820826824,0.20009483774452,10.9320728451496,10.9200220207465,10.0,0.790389151767158,1.28048878776754,1.28048878776754,1.9207331816513,1.9207331816513,1.27102778587059,1.0086525074611,1.14393040322044,-11.6105474372633,11.7546050131477,1427.34092252186,16.7545186480617,0.504519039038716,549.0504288630932
107,1.6666606,99.999636,89.99964,82.2691853944759,82.2691853944759,79.4552041989996,7372.55175402464,0.0736645887840949,21.5101236705893,47.1540916514131,7.35584283041836,0.439728146362216,0.149907322623483,0.200091484815517,10.9307141077187,10.9185134710671,10.0,0.78850831084128,1.28383986451817,1.28383986451817,1.92575979677725,1.92575979677725,1.26361111493459,1.00886620297183,1.14571111381274,-11.5109704764356,11.7801558709115,1424.01035526426,16.7545186480617,0.488530284161566,543.0959932496827
108,1.6833272,100.99963199999999,90.99963599999998,82.3469891934476,82.3469891934476,79.3613803139749,7378.15308840819,0.0727064053842765,21.3152794880648,47.1199570324368,7.35615558020171,0.439720737734442,0.149904796954923,0.200088095227439,10.9292771454155,10.9169268288226,10.0,0.786682789759652,1.28591086830463,1.28591086830463,1.92886630245694,1.92886630245694,1.25904198426638,1.00908169700519,1.14685332722076,-11.4496040064601,11.7965931999077,1422.19066389431,16.43677982699,0.473581845726571,536.4389894330576
109,1.6999938,101.999628,91.999632,82.351866478833,82.351866478833,79.3793336358376,7368.36793237388,0.0717564956361141,21.1228645197683,47.0867629436987,7.35645983049473,0.439713279039097,0.149902254217874,0.200084682888952,10.9276845709057,10.9151847984446,10.0,0.784908743084088,1.28600106907771,1.28600106907771,1.92900160361657,1.92900160361657,1.2588432304523,1.00929799218363,1.14700653009613,-11.4469342838274,11.7988007626604,1422.72967508314,16.43677982699,0.458084025119938,528.7282613846694
110,1.7166604,102.99962400000001,92.99962800000002,82.4823486235371,82.4823486235371,79.2002258514794,7386.30192437287,0.0708148456604301,20.9328431462063,47.054567155054,7.35675494142742,0.439705814972457,0.149899709649701,0.200081268106965,10.926504614686,10.9138549590457,10.0,0.783189751145983,1.28950905504615,1.28950905504615,1.93426358256922,1.93426358256922,1.25112973825132,1.00951324459511,1.14886639529311,-11.3433055343493,11.8256541578863,1419.03405536244,16.1345448116009,0.443618021173825,523.0598307758027
111,1.733327,103.99962000000001,93.999624,82.6956618435266,82.6956618435266,78.8928252423497,7421.36835151179,0.0698811827671079,20.7450897234048,47.0232845356072,7.3570416713006,0.439698268745758,0.149897137072417,0.200077815939953,10.925613426816,10.9128135886458,10.0,0.781521250275546,1.29528814518115,1.29528814518115,1.94293221777172,1.94293221777172,1.2384912784817,1.00973047546855,1.15186166625226,-11.1734480149438,11.8691098584704,1412.70239222944,16.1345448116009,0.428674276479663,518.6139981540257
112,1.7499936,104.999616,94.99962000000001,82.6458532682297,82.6458532682297,78.9990065655186,7399.21261855059,0.0689553050265822,20.5595554464357,46.9930930404926,7.35731830186463,0.439690585775255,0.149894517877928,0.20007430155045,10.9240306861964,10.9110815162107,10.0,0.779913087444584,1.29388272651806,1.29388272651806,1.94082408977709,1.94082408977709,1.24155695932022,1.00995162449054,1.15127023414104,-11.2146556252164,11.8605088934461,1415.15969174501,15.8395471252827,0.414746248765063,510.214963068692
113,1.7666602,105.999612,95.99961599999999,82.7753193332179,82.7753193332179,78.8196622418571,7417.0367518914,0.068039051196462,20.3765189918936,46.9638407560146,7.35758631453008,0.439682933112438,0.149891909015604,0.200070800952625,10.9230129321505,10.9099138029022,10.0,0.778356500690279,1.29738043465048,1.29738043465048,1.94607065197571,1.94607065197571,1.23393666159538,1.01017044463659,1.15312674942621,-11.1122218169878,11.8875411502058,1411.49700534969,15.8395471252827,0.400369181015418,504.6481432879792
114,1.7833268,106.999608,96.99961200000001,82.7753732496449,82.7753732496449,78.8449614051694,7406.4762203491,0.0671307021014693,20.1956210432476,46.9356213514919,7.35784476882805,0.439675197839031,0.149889271990579,0.200067262764795,10.9216814195978,10.9084327461529,10.0,0.776856810505706,1.29733781103885,1.29733781103885,1.94600671655828,1.94600671655828,1.23402933553402,1.01039121222099,1.1532158427244,-11.1134676512424,11.8888409008873,1412.17241079083,15.8395471252827,0.386987902649887,497.20194876987176
115,1.7999934,107.999604,97.999608,83.0755015919955,83.0755015919955,78.3941302320516,7461.03588106933,0.0662303658887556,20.016837176917,46.9084825046427,7.35809377065143,0.43966746116427,0.149886634487819,0.200063723939947,10.9212700768681,10.9078707734095,10.0,0.775413258066692,1.30553697322871,1.30553697322871,1.95830545984307,1.95830545984307,1.21628765713102,1.01061066434506,1.15742105030027,-10.8749462066469,11.9504477986425,1402.77957256559,15.3870259680394,0.37453784981135,494.1471363123557
116,1.81666,108.9996,98.999604,82.941606528546,82.941606528546,78.63594621063,7420.64520507452,0.0653375274347026,19.8400070603671,46.8822871809367,7.35833412436411,0.439659534200109,0.149883932113674,0.200060098527574,10.9196599948353,10.9061115663541,10.0,0.774021046956477,1.30180790882412,1.30180790882412,1.95271186323619,1.95271186323619,1.22433552352766,1.01083635793172,1.15567122942351,-10.9831446439691,11.9247511725151,1408.12675863406,15.3870259680394,0.360844310832798,484.84660966975076
117,1.8333266,109.999596,99.99959999999999,83.138666997188,83.138666997188,78.3452346725497,7453.66320897868,0.0644548225629971,19.6656185840959,46.8571006778702,7.35856497229878,0.43965169336443,0.14988125910151,0.200056512307259,10.9190610535664,10.905362282355,10.0,0.772685015439492,1.30718747540473,1.30718747540473,1.96078121310709,1.96078121310709,1.2127369204828,1.01105747995418,1.15846888394175,-10.8272104582185,11.9658774554064,1402.08815252922,15.3870259680394,0.348124383418055,480.4245395790604
118,1.8499932,110.99959199999999,100.999596,83.1054296849962,83.1054296849962,78.424719504723,7435.80870160287,0.0635788611616443,19.4929910380106,46.8330089850289,7.35878559049846,0.439643727305729,0.14987854339968,0.200052869106861,10.917857527374,10.9040092031532,10.0,0.771409216828033,1.30622544677549,1.30622544677549,1.95933817016323,1.95933817016323,1.21480569793462,1.01128219326864,1.15810070729868,-10.8550226853666,11.9604523703628,1403.9152244545,14.9964689644371,0.336311450506882,472.76024906375545
119,1.8666598,111.999588,101.999592,83.3744505878203,83.3744505878203,78.017097964078,7484.03870675727,0.0627123625529803,19.3225703001407,46.8097868647729,7.3589980659727,0.439635784033141,0.149875835465843,0.200049236275584,10.9175785767078,10.9035795535319,10.0,0.770181459705782,1.31361526648936,1.31361526648936,1.97042289973404,1.97042289973404,1.19897463263917,1.0115049197008,1.16190328546184,-10.6422192761803,12.0166698640006,1395.43951058057,14.9964689644371,0.323560748659804,469.3417487386997
120,1.8833264,112.999584,102.999588,83.2724660228471,83.2724660228471,78.2097247021772,7450.93629043965,0.0618536374952432,19.1540137601764,46.7875364384467,7.35920132616624,0.439627667885479,0.149873068597322,0.200045524780941,10.9162771777813,10.9021287948281,10.0,0.769007830211194,1.31074494417296,1.31074494417296,1.96611741625943,1.96611741625943,1.20510722699612,1.01173288821311,1.16058354372095,-10.7246459479343,11.9971119707813,1399.72948362676,14.9964689644371,0.311737255175788,460.8675123090062
121,1.899993,113.99958000000001,103.99958400000001,83.455612307092,83.455612307092,77.9374005151378,7481.05569841865,0.0610037871561185,18.9875102484654,46.7663051971226,7.35939491105121,0.439619618858969,0.149870324611012,0.200041843829378,10.9158616615133,10.9015628006422,10.0,0.76789086748613,1.31577360171794,1.31577360171794,1.97366040257691,1.97366040257691,1.19437696543439,1.01195705496879,1.16320744154251,-10.5804332725178,12.0360455796098,1394.07729543795,14.5892611324724,0.300774529255253,456.3727295293987
122,1.9166596,114.999576,104.99958,83.3963734963082,83.3963734963082,78.0591650207845,7457.93991512282,0.0601617082595777,18.8227780383554,46.7459237644615,7.35958060396147,0.43961145267869,0.149867540685917,0.200038109569554,10.9147870660786,10.9003386175236,10.0,0.766820177446789,1.31408312731442,1.31408312731442,1.97112469097163,1.97112469097163,1.19797699970914,1.01218464692806,1.16247684555758,-10.6288117194345,12.0251852157426,1396.8016607705,14.5892611324724,0.28880423752609,448.68240539107876
123,1.9333262,115.999572,105.999576,83.6747722709191,83.6747722709191,77.6299118089256,7508.57868604552,0.0593289888421386,18.6601031649392,46.7264245620088,7.35975779812354,0.439603327170908,0.149864770626446,0.200034393817775,10.9147483292628,10.9001489434881,10.0,0.765799165230419,1.32177908172389,1.32177908172389,1.98266862258583,1.98266862258583,1.18164602646516,1.01240940775045,1.1664333551963,-10.4094085179787,12.0841807888978,1387.85465615492,14.5892611324724,0.27772393796321,445.4763810847144
124,1.9499928,116.999568,106.99957199999999,83.576635228513,83.576635228513,77.8183982963633,7476.55384761791,0.0585028593007838,18.4989373456587,46.7079103634431,7.35992558073141,0.439595021537054,0.149861939160359,0.200030596103224,10.9136636769253,10.8989147747496,10.0,0.764832992510492,1.31899644620309,1.31899644620309,1.97849466930464,1.97849466930464,1.18753359190145,1.0126396655424,1.16515855764965,-10.4884883696848,12.0651235981978,1392.04223336266,14.2203763482489,0.267467298556075,437.39977780192436
125,1.9666594,117.99956399999999,107.99956800000001,83.7187911069394,83.7187911069394,77.6087370632753,7498.14512562633,0.0576863301355616,18.3397926102099,46.690166971902,7.36008608849001,0.439586781858111,0.149859130178901,0.200026828401078,10.913325411663,10.8984260103685,10.0,0.763909267821873,1.32291215956557,1.32291215956557,1.98436823934835,1.98436823934835,1.17925422010575,1.01286638114247,1.16722781427423,-10.3772895818637,12.0960806888031,1387.71906790908,14.2203763482489,0.256390034419725,432.5404751212325
126,1.983326,118.99956,108.99956399999999,83.6980217058561,83.6980217058561,77.6677465997228,7483.80254565213,0.0568776412031741,18.1823137825119,46.673255794181,7.36023861635378,0.439578451448015,0.149856290266369,0.200023019413888,10.9125561151357,10.897506824785,10.0,0.763031972608587,1.32228449872442,1.32228449872442,1.98342674808663,1.98342674808663,1.18057874597686,1.01309530835349,1.16702876128959,-10.395075759174,12.0930974650301,1389.09707128807,14.2203763482489,0.246152893900898,425.6610360270028
127,1.9999926,119.999556,109.99956,83.9412614845861,83.9412614845861,77.2903494403799,7527.00368227119,0.0560769708863206,18.026519900934,46.6572244128123,7.36038260028626,0.439570137527765,0.149853455975374,0.200019217930829,10.9126135096978,10.8974132063418,10.0,0.762204272232339,1.32904412118528,1.32904412118528,1.99356618177793,1.99356618177793,1.16636628245276,1.01332233502319,1.17051870604365,-10.2043032236601,12.1455647082462,1381.24104316234,13.8393114374337,0.236691065291277,422.09156635194944
128,2.0166592,120.999552,110.99955599999998,83.8348951946462,83.8348951946462,77.4933622001319,7493.71647324116,0.0552836401702662,17.8722257776674,46.6419433613864,7.36051946361721,0.439561665229936,0.149850567692024,0.20001534438134,10.9116826413901,10.8963327199491,10.0,0.761417913556215,1.32601375749468,1.32601375749468,1.98902063624202,1.98902063624202,1.17272359201475,1.01355420948279,1.16912097660999,-10.2896147583065,12.1245099529527,1385.72503935417,13.8393114374337,0.22637071141831,414.27992504466056
129,2.0333258,121.999548,111.999552,83.9893360129173,83.9893360129173,77.2596201379501,7518.33075862672,0.0544995992095829,17.7197910698298,46.6274285265271,7.36064886323199,0.439553265932376,0.149847704295128,0.200011504081946,10.9115643878667,10.8960637259875,10.0,0.760674805143935,1.33029665503579,1.33029665503579,1.99544498255369,1.99544498255369,1.16374535429675,1.01378211948964,1.1713742389352,-10.169143400862,12.1584794137793,1380.87848052776,13.8393114374337,0.216849569119125,409.7460130702356
130,2.0499924,122.99954399999999,112.99954799999998,83.9685538407816,83.9685538407816,77.3188313888504,7504.24404397526,0.0537222270621815,17.568696810386,46.613748929668,7.36077018122269,0.439544767439534,0.149844807081659,0.200007618646072,10.9109757772444,10.8953250591542,10.0,0.759978432008211,1.32966407495897,1.32966407495897,1.99449611243846,1.99449611243846,1.16506853735882,1.01401253642729,1.17117347365565,-10.1868930543733,12.1554468951549,1382.24874588271,13.5041623710641,0.20806399479756,403.14470246046204
131,2.066659,123.99954,113.999544,84.1618446536534,84.1618446536534,77.0190553362228,7537.05246274031,0.052953343658524,17.4192420536911,46.6007329810119,7.36088508168789,0.439536286141542,0.149841915730071,0.20000374103514,10.9110585753827,10.8952568512822,10.0,0.759319186061475,1.33505538418627,1.33505538418627,2.00258307627941,2.00258307627941,1.15382350701104,1.01424123578599,1.17398078229404,-10.0361097699743,12.1979544236277,1376.03252913116,13.5041623710641,0.198629425767648,399.1121292318123
132,2.0833256,124.999536,114.99954000000001,84.1007828911546,84.1007828911546,77.1469852700023,7514.11472559589,0.0521917510152933,17.2711848017727,46.5884450825505,7.36099283111494,0.439527678996405,0.149838981476047,0.199999806160253,10.9104286984311,10.8944770142776,10.0,0.75870122644119,1.33328452994481,1.33328452994481,1.99992679491721,1.99992679491721,1.15750908411074,1.01447337522462,1.17321231031974,-10.085513335268,12.1862962264226,1378.9000965687,13.5041623710641,0.189938884987534,392.1748048586497
133,2.0999922,125.999532,115.99953599999999,84.2304138330362,84.2304138330362,76.9514322753709,7533.5387357436,0.0514380234648451,17.1246223395839,46.5769124351973,7.36109316162524,0.439519116034467,0.149836062284477,0.199995891390917,10.9104080283509,10.8943055087183,10.0,0.758126039429044,1.33689231701122,1.33689231701122,2.00533847551684,2.00533847551684,1.15000867976465,1.01470262350216,1.17512902409818,-9.98499128719582,12.215405120232,1374.8525478021,13.1532780725118,0.181931437358759,387.5103422624988
134,2.1166588,126.99952800000001,116.999532,84.1907553152182,84.1907553152182,77.0416150060207,7515.87458067308,0.0506913853555489,16.9793591805054,46.566010116762,7.36118743980895,0.439510469883577,0.149833114733038,0.199991938768545,10.9099191315775,10.8936664808343,10.0,0.757585747069243,1.33572267706353,1.33572267706353,2.00358401559529,2.00358401559529,1.15243674076366,1.01493408066214,1.1746605175243,-10.0175250504838,12.208280365702,1376.87098231652,13.1532780725118,0.173227495989067,380.9900946528736
135,2.1333254,127.999524,117.99952799999998,84.3669676444768,84.3669676444768,76.7656737873912,7545.53020933754,0.0499530731914274,16.8356231834759,46.5557524817842,7.36127526846296,0.439501854557451,0.14983017769004,0.199988000173191,10.9101106422724,10.8937068571917,10.0,0.757082587999321,1.34065775585404,1.34065775585404,2.01098663378105,2.01098663378105,1.14221515454556,1.01516309248511,1.17724009529165,-9.88061834088043,12.2475859853572,1371.14614160189,13.1532780725118,0.165224200515383,376.9224228151647
136,2.149992,128.99952000000002,118.99952400000001,84.3532971793586,84.3532971793586,76.813523601265,7533.27530639158,0.0492209256978023,16.6929813583838,46.546179967963,7.3613563118255,0.43949312455576,0.1498272015531,0.199984009397356,10.9097752069364,10.8932210880648,10.0,0.75661844847491,1.3402199790103,1.3402199790103,2.01032996851545,2.01032996851545,1.14311942962325,1.01539555041261,1.17713765472195,-9.89272430806422,12.2460214874228,1372.28722830966,12.828634272121,0.157862564968631,370.7947841169888
137,2.1666586,129.999516,119.99951999999999,84.4074671275241,84.4074671275241,76.7430700596525,7536.66180679573,0.0484966585139142,16.5517333877065,46.537201999301,7.36143154571658,0.439484407686387,0.149824229893087,0.19998002459789,10.9096759133894,10.8929711146961,10.0,0.756187706945639,1.34170597459064,1.34170597459064,2.01255896188596,2.01255896188596,1.14005188445716,1.01562642550679,1.17799534706142,-9.85166240281252,12.2591295303366,1370.88899700891,12.828634272121,0.149927072442773,365.5029139790321
138,2.1833252,130.999512,120.999516,84.4065520936965,84.4065520936965,76.7659917041512,7528.12133783219,0.0477796295194657,16.4117430450979,46.5288463227061,7.36150061351476,0.439475659384091,0.149821247517304,0.199976025496128,10.9094473659171,10.8925920961185,10.0,0.755792376203317,1.34162985798943,1.34162985798943,2.01244478698415,2.01244478698415,1.14020887867498,1.01585755675673,1.17807289244409,-9.85376358089361,12.2603156745901,1371.4611383074,12.828634272121,0.142643063525389,359.6908484992065
139,2.1999918,131.999508,121.99951199999998,84.5701516038416,84.5701516038416,76.507705746804,7555.31271975421,0.0470695850519245,16.2729474434641,46.5211189341929,7.36156337316924,0.439466915902096,0.149818266784805,0.199972028588493,10.9097483971125,10.8927418432704,10.0,0.755433241516585,1.34623110316392,1.34623110316392,2.01934665474588,2.01934665474588,1.13074445778299,1.01608728134097,1.18048607670086,-9.72716129595984,12.2973128998015,1366.08881311237,12.5011077404841,0.135954264157698,355.62543465635775
140,2.2166584,132.999504,122.99950799999999,84.5184184127511,84.5184184127511,76.6194747166633,7535.40380742926,0.0463659881039462,16.1352075171142,46.5139310443237,7.36162081492369,0.43945806574807,0.149815249686842,0.19996798314228,10.9094341101531,10.8922772379041,10.0,0.755104612617288,1.34470718883981,1.34470718883981,2.01706078325972,2.01706078325972,1.13387321299506,1.01632075188802,1.1798416167695,-9.76899800115793,12.287416413909,1368.57185623757,12.5011077404841,0.12870369146539,349.386443293696
141,2.233325,133.99949999999998,123.99950399999997,84.5879805073424,84.5879805073424,76.5198853711399,7542.77560292265,0.0456701781194476,15.9987787925367,46.5073232495497,7.36167251950565,0.439449255671153,0.14981224625153,0.199963955933216,10.9095169810439,10.8922091752617,10.0,0.754808867674001,1.34663751002797,1.34663751002797,2.01995626504195,2.01995626504195,1.12991103531028,1.01655137887503,1.18092112569648,-9.71601973549565,12.3040002428381,1366.53679714239,12.5011077404841,0.122061618298413,344.47990530050123
142,2.2499916,134.999496,124.9995,84.6044088787492,84.6044088787492,76.5122159395507,7538.35579346334,0.0449810504791494,15.863436064203,46.5013297335694,7.36171807841204,0.439440403452233,0.149809228449625,0.199959909548884,10.9094755516505,10.8920170152328,10.0,0.75454832342075,1.34705505414997,1.34705505414997,2.02058258122496,2.02058258122496,1.12905520016643,1.016782845754,1.18124542242491,-9.70457975373177,12.3089886324809,1366.43796926061,12.1998260456847,0.115974095283172,339.08316247556286
143,2.2666582,135.999492,125.99949600000001,84.7011932352665,84.7011932352665,76.3653224426525,7551.57538542903,0.0442991041264191,15.7292450483873,46.4958355605834,7.36175864356346,0.439431545238187,0.149806208603927,0.19995586043731,10.909704948937,10.8920952521491,10.0,0.754316375576309,1.34976710533891,1.34976710533891,2.02465065800837,2.02465065800837,1.12350685891118,1.01701360852505,1.18271547337931,-9.63044515403976,12.3316383893063,1363.41534205261,12.1998260456847,0.109438212335853,334.52802431762404
144,2.2833248,136.99948799999999,126.99949199999999,84.7105619854011,84.7105619854011,76.3701642791947,7545.60241150709,0.0436240497234421,15.5961379761946,46.4908728471914,7.36179403055233,0.439422626444889,0.149803168106212,0.199951783793298,10.9097007732571,10.8919402962728,10.0,0.754114065155591,1.34998355736149,1.34998355736149,2.02497533604224,2.02497533604224,1.12306482414707,1.01724643062928,1.1829400022167,-9.62454118362335,12.3351031690244,1363.59868459796,12.1998260456847,0.103462743247053,329.16973479290994
145,2.2999914,137.999484,127.999488,72.083451335365,72.083451335365,76.3471808599684,5713.87955067067,0.042945406444933,15.4620435872259,46.4864927758578,7.36182349223402,0.439413702575235,0.149800125877921,0.199947704840121,10.8735981632836,10.8557461779402,10.0,0.753945650983951,0.0,1.0,1.5,1.5,2.0,1.01747844181059,1.0082392209053,-20.0,10.083451335365,1383.25496301454,12.1998260456847,0.0979967586412662,245.38487968094307
146,2.316658,138.99948,128.999484,72.0830663922533,72.0830663922533,63.9543657461471,6360.41077860456,0.0422899337214004,15.3319808756439,46.481411530638,7.3618597075608,0.439402623855115,0.149796349041517,0.199942645359855,10.8735338087045,10.8555316544529,10.0,0.753738656265341,0.0,1.0,1.5,1.5,2.0,1.01740337723622,1.00820168861811,-20.0,10.0830663922533,1129.4587401552,11.3707648616381,0.0915314527576165,268.98135026806756
147,2.3333246,139.99947600000002,129.99948,72.0826876266633,72.0826876266633,63.3183625001567,6388.56141601685,0.0416251704078681,15.1997524351125,46.4771325227926,7.36188879754229,0.439389571821505,0.149791899484604,0.199936687958056,10.873510381243,10.8553579977853,10.0,0.753572408291802,0.0,1.0,1.5,1.5,2.0,1.01732950894634,1.00816475447317,-20.0,10.0826876266633,1115.85472239899,11.3707648616381,0.0847009397673417,265.92495760283254
148,2.3499912,140.999472,130.999476,72.082311460544,72.082311460544,63.304544595558,6384.86322623888,0.0409677494492944,15.0686299341152,46.4732978908948,7.36191350468253,0.439376530544948,0.149787453594868,0.199930735452156,10.8735121015293,10.8552094534306,10.0,0.753431222517975,0.0,1.0,1.5,1.5,2.0,1.01725613942161,1.0081280697108,-20.0,10.082311460544,1115.09762331483,11.3707648616381,0.0785132412836924,261.57347692056794
149,2.3666578,141.999468,131.999472,72.0819369263394,72.0819369263394,63.220010715848,6382.95427892434,0.0403113405873352,14.9373483428269,46.4699121990004,7.36193296347685,0.43936356430041,0.149783033284231,0.19992481708937,10.8735438982039,10.8550909406221,10.0,0.753320037092635,0.0,1.0,1.5,1.5,2.0,1.01718308007959,1.0080915400398,-20.0,10.0819369263394,1113.01199485136,10.9496921757457,0.072905588227048,257.30544389110764
150,2.3833244,142.999464,132.99946799999998,72.0815651771073,72.0815651771073,63.1543526529986,6379.4322840532,0.0396564191794368,14.8059890220688,46.4671151812894,7.36194656223506,0.439350630596118,0.149778624066858,0.199918913534541,10.8736092892634,10.8550059700904,10.0,0.753242340175348,0.0,1.0,1.5,1.5,2.0,1.0171105559843,1.00805527799215,-20.0,10.0815651771073,1111.36367044492,10.9496921757457,0.0667354734441425,252.98544078324562
151,2.399991,143.99946,133.999464,72.0811965648888,72.0811965648888,63.1058799481465,6374.88971217055,0.0390047946143512,14.6749014957075,46.4649725995785,7.36195374011232,0.439337725646431,0.149774224652192,0.199913023065076,10.8737114875485,10.8549577477425,10.0,0.753201330768206,0.0,1.0,1.5,1.5,2.0,1.01703863600287,1.00801931800144,-20.0,10.0811965648888,1110.10777359406,10.9496921757457,0.0611777569240963,248.65126391235273
152,2.4166576,144.999456,134.99946,72.0808299535453,72.0808299535453,63.0286952229725,6371.54734909916,0.0383578562262933,14.5443719882554,46.463647104429,7.36195277712198,0.439324847953559,0.149769834529622,0.199907144999426,10.8738603131289,10.8549560750497,10.0,0.753206832559954,0.0,1.0,1.5,1.5,2.0,1.01696709862472,1.00798354931236,-20.0,10.0808299535453,1108.30020955089,10.9496921757457,0.0561700755242969,244.39889715576578
153,2.4333242,145.999452,135.99945599999998,72.0804646886904,72.0804646886904,62.9429955335403,6368.65538072959,0.0377159456630139,14.414460475478,46.4631894991309,7.36194308770346,0.439311980199198,0.149765447795181,0.199901271457195,10.8740591070699,10.8550042852898,10.0,0.753262191625254,0.0,1.0,1.5,1.5,2.0,1.01689581626226,1.00794790813113,-20.0,10.0804646886904,1106.3699866941,10.5783563291883,0.0516562349751073,240.19986028605834
154,2.4499908,146.999448,136.999452,72.0801035619446,72.0801035619446,62.8643334727929,6365.63413636402,0.0370783775852922,14.2850158368593,46.463683473363,7.36192435063722,0.439299114354761,0.149761061711851,0.199895398785115,10.8743097703891,10.855104274052,10.0,0.753369248901436,0.0,1.0,1.5,1.5,2.0,1.01682533387801,1.007912666939,-20.0,10.0801035619445,1104.59983049841,10.5783563291883,0.0467663314393961,236.02738607793057
155,2.4666574,147.99944399999998,137.99944799999997,0.0,72.0797446827665,62.8273904480054,0.0,0.0364477935830155,14.1565680166321,46.4651503192117,7.36189604124593,0.439286249410174,0.149756675935287,0.199889526523568,10.8746152828604,10.8552590136564,10.0,0.753531013695465,0.0,1.0,1.5,1.5,2.0,1.01675528268612,1.00787764134306,-20.0,10.0797446827665,1103.69474583242,10.5783563291883,0.0423891680823497,0.0
156,2.483324,148.99944,138.999444,0.0,72.0793994184346,21.8220192578077,0.0,0.0335336000894809,12.773575608249,40.6520771802773,7.41992660126859,0.439268397277426,0.149750589980941,0.199881384930533,10.5901093713031,10.5711132115894,10.0,0.469391970931611,0.0,1.0,1.5,1.5,2.0,1.01668788200161,1.00784394100081,-20.0,10.0793994184346,266.818847265351,6.75717332129475,0.0349099369853076,0.0
